frame,time_s,box_u,box_v,pusher_u,pusher_v,box_x_mm,box_y_mm,pusher_x_mm,pusher_y_mm
0,0.0,276.8094325472877,601.025497875177,,,158.67354271166084,148.68669099052872,,
1,0.03338259441707717,276.77774997915105,601.0381119172713,,,158.6507263972417,148.69577503792277,,
2,0.06676518883415435,276.8962287816707,601.1164813111465,,,158.7360493293548,148.75221303637613,,
3,0.10014778325123153,276.98357771261,601.1116045245077,,,158.79895397344467,148.74870100108828,,
4,0.1335303776683087,276.94256530475553,601.189886135298,,,158.76941874168384,148.80507578224007,,
5,0.16691297208538589,276.95831589520384,601.1689126977484,,,158.78076158555956,148.7899716864004,,
6,0.20029556650246305,276.9205353408616,601.17582601422,,,158.7535537846299,148.7949503359093,,
7,0.23367816091954022,276.90099506647715,601.1642277782423,,,158.73948178635408,148.78659782491235,,
8,0.2670607553366174,276.8939355918026,601.145713090757,,,158.7343978804941,148.77326440669904,,
9,0.3004433497536946,276.85488589818607,601.1392627267408,,,158.7062761043905,148.76861915405166,,
10,0.33382594417077177,276.85488589818607,601.1392627267408,,,158.7062761043905,148.76861915405166,,
11,0.3672085385878489,276.85488589818607,601.1392627267408,,,158.7062761043905,148.76861915405166,,
12,0.4005911330049261,276.84029750961054,601.1351328764833,,,158.6957702243377,148.76564502766232,,
13,0.43397372742200324,276.84029750961054,601.1351328764833,,,158.6957702243377,148.76564502766232,,
14,0.46735632183908044,276.84029750961054,601.1351328764833,,,158.6957702243377,148.76564502766232,,
15,0.5007389162561576,276.84029750961054,601.1351328764833,,,158.6957702243377,148.76564502766232,,
16,0.5341215106732348,276.84029750961054,601.1351328764833,,,158.6957702243377,148.76564502766232,,
17,0.567504105090312,276.8635337402793,601.1334559745798,,,158.71250387871095,148.76443740077687,,
18,0.6008866995073892,276.914259398811,601.1056685924809,,,158.74903414258304,148.7444262184725,,
19,0.6342692939244663,276.90126455070765,601.1095385646094,,,158.73967585638363,148.74721319270057,,
20,0.6676518883415435,276.90126455070765,601.1095385646094,,,158.73967585638363,148.74721319270057,,
21,0.7010344827586207,276.89180135667027,601.1045976048907,,,158.7328609034532,148.74365494294045,,
22,0.7344170771756978,276.89180135667027,601.1045976048907,,,158.7328609034532,148.74365494294045,,
23,0.767799671592775,276.89180135667027,601.1045976048907,,,158.7328609034532,148.74365494294045,,
24,0.8011822660098522,276.8686327077748,601.0953418230563,,,158.716175918335,148.73698935864758,,
25,0.8345648604269293,276.8686327077748,601.0953418230563,,,158.716175918335,148.73698935864758,,
26,0.8679474548440065,276.8686327077748,601.0953418230563,,,158.716175918335,148.73698935864758,,
27,0.9013300492610837,276.8490787269682,601.0891122278057,,,158.70209404933038,148.73250309341398,,
28,0.9347126436781609,276.8658730824042,601.1333724536843,,,158.71418856428394,148.76437725290614,,
29,0.968095238095238,276.47725945088877,601.4450471501293,,,158.43432707180696,148.98883089693882,,
30,1.0014778325123153,276.5091440501044,601.4261377870564,,,158.45728887962807,148.97521325169376,,
31,1.0348604269293924,276.5091440501044,601.4261377870564,,,158.45728887962807,148.97521325169376,,
32,1.0682430213464695,276.5418196994992,601.4656093489149,,,158.48082036505645,149.00363883771615,,
33,1.1016256157635467,276.79459052085076,601.3902193937364,,,158.6628541733977,148.94934649266446,,
34,1.135008210180624,276.6415629957418,601.5027970276363,,,158.55265085551605,149.03041967715342,,
35,1.1683908045977012,276.59355431243216,601.4967855055523,,,158.51807723103843,149.02609045808836,,
36,1.2017733990147783,276.6408775014653,601.349577158168,,,158.55215719436845,148.92007784179546,,
37,1.2351559934318554,276.6216849326529,601.3932903873505,,,158.5383355975002,148.95155807966637,,
38,1.2685385878489326,276.6119015734851,601.4342149313693,,,158.53129007650946,148.98103003597265,,
39,1.3019211822660097,276.7110514841523,601.3639107831629,,,158.60269323823096,148.93040025294715,,
40,1.335303776683087,276.56313279223497,601.3946950046021,,,158.4961690647896,148.95256961978882,,
41,1.3686863711001642,276.58324265505985,601.4090566669457,,,158.51065125421187,148.96291222213722,,
42,1.4020689655172414,276.58778242677823,601.421589958159,,,158.51392058700304,148.97193811649637,,
43,1.4354515599343185,276.4819176480414,601.5016286644951,,,158.43768168909693,149.02957827627102,,
44,1.4688341543513956,276.4819176480414,601.5016286644951,,,158.43768168909693,149.02957827627102,,
45,1.5022167487684728,276.63504567166683,601.3777759155283,,,158.5479573813436,148.94038527746125,,
46,1.53559934318555,276.6176026823135,601.3759430008382,,,158.53539575036154,148.93906529741125,,
47,1.5689819376026273,276.6473746015769,601.3415534306324,,,158.55683610418157,148.9142995257992,,
48,1.6023645320197044,276.4938622129436,601.4902713987474,,,158.44628361010388,149.0213993008444,,
49,1.6357471264367816,276.470411484851,601.5158167097906,,,158.42939548464602,149.0397958476831,,
50,1.6691297208538587,276.6094259212835,601.481407203142,,,158.52950722674865,149.0150157187707,,
51,1.7025123152709358,276.4806731089637,601.6055481506164,,,158.43678542984225,149.10441626476344,,
52,1.735894909688013,276.6666388239225,601.5056799198129,,,158.5707093025972,149.03249580223434,,
53,1.7692775041050903,276.6794989561587,601.5186638830897,,,158.57997057268452,149.04184624968713,,
54,1.8026600985221675,276.49400798934755,601.6175932090546,,,158.44638859150098,149.11309055654866,,
55,1.8360426929392446,276.4766744418527,601.6173775408197,,,158.4339057754636,149.11293524230027,,
56,1.8694252873563217,276.4467411235206,601.6221870311718,,,158.41234918952875,149.11639881392733,,
57,1.9028078817733989,276.4421938818038,601.6186546636659,,,158.40907447719158,149.113854966872,,
58,1.936190476190476,276.59900124843944,601.6430295464004,,,158.52199986142708,149.1314086255906,,
59,1.9695730706075534,276.6487544780472,601.5956844122303,,,158.55782982714206,149.09731285839197,,
60,2.0029556650246305,276.6487544780472,601.5956844122303,,,158.55782982714206,149.09731285839197,,
61,2.0363382594417074,276.66880573381115,601.6100508375698,,,158.57226981048044,149.10765889082887,,
62,2.069720853858785,276.66711118519754,601.6054342390398,,,158.5710494752538,149.10433423093536,,
63,2.103103448275862,276.66711118519754,601.6054342390398,,,158.5710494752538,149.10433423093536,,
64,2.136486042692939,276.72438251001336,601.6017189586115,,,158.61229362404134,149.10165865848674,,
65,2.1698686371100164,276.58907661425224,601.6089829374373,,,158.51485260072732,149.10688983874047,,
66,2.2032512315270933,276.62012389084214,601.5764272559853,,,158.53721140767374,149.08344474865387,,
67,2.2366338259441707,276.56029793288144,601.5787095154407,,,158.49412753071746,149.08508832593884,,
68,2.270016420361248,276.59010216044214,601.5500753642606,560.2428904428904,915.280586080586,158.51559115147293,149.06446733986118,362.7891580987143,374.998613350754
69,2.303399014778325,276.5988274706868,601.535594639866,566.8562602965403,871.5149643053267,158.52187471475884,149.0540389945522,367.5517999811598,343.4806447672974
70,2.3367816091954023,276.62380713209444,601.5611920308053,533.4227932429217,902.1134308827027,158.5398639069955,149.0724730469138,343.4745694634919,365.5162395827893
71,2.3701642036124793,276.62380713209444,601.5611920308053,523.20430557007,864.8740028564462,158.5398639069955,149.0724730469138,336.11568912820917,338.6981326991589
72,2.4035467980295566,276.631204486482,601.5634050389219,490.51233543533573,865.9529815245048,158.5451911381356,149.0740667526003,312.5724502607487,339.4751630344463
73,2.4369293924466335,276.631204486482,601.5634050389219,469.5016691818722,847.4811816893035,158.5451911381356,149.0740667526003,297.4415440372593,326.1726305153062
74,2.470311986863711,276.6323234014061,601.5679611650486,472.31103678929765,823.80722065003,158.5459969287081,149.0773478630769,299.4647201375534,309.123743054884
75,2.5036945812807883,276.6477082636333,601.6022917363666,,,158.55707639210127,149.10207114642955,,
76,2.537077175697865,276.49115634907395,601.6795427999333,,,158.4443349725894,149.15770377532343,,
77,2.5704597701149425,276.5484220168207,601.6716629194771,,,158.4855750474185,149.15202905131432,,
78,2.6038423645320194,276.53732833957554,601.6614232209738,442.7064065786957,839.9679862306368,158.4775858961919,149.1446548959239,278.1448401254734,320.76197601475735
79,2.637224958949097,276.5272697040239,601.6625374127037,444.6501501501501,848.4846096096096,158.47034213393172,149.14545728507125,279.5446339895704,326.89525271019636
80,2.670607553366174,276.51945137157105,601.6459684123025,450.51179604261796,849.3395061728394,158.46471173393672,149.13352506034963,283.7659191808295,327.51090951864626
81,2.703990147783251,276.5034854771784,601.6692946058091,452.92167147477926,851.1586677157094,158.45321383815775,149.1503235017813,285.5013995665746,328.8209851906163
82,2.7373727422003284,276.7235752153744,601.6189529489728,439.79227596550425,851.0538325566447,158.6117122479284,149.11406977809943,276.0462185730069,328.7454877769885
83,2.7707553366174054,276.67152076783054,601.6478570246567,424.86931067044384,832.1506452628264,158.5742250519109,149.134885151271,265.2993919025902,315.13229004125884
84,2.8041379310344827,276.5559308072488,601.8989291598023,410.0172764227642,812.954268292683,158.49098252962054,149.31569564468373,254.60364647887477,301.3079507146508
85,2.8375205254515596,276.52506986684205,601.981588032221,406.58636053321834,805.1138299019079,158.46875791334088,149.3752227264059,252.13286016685856,295.6616310496422
86,2.870903119868637,276.53187300024615,602.0254327672492,404.6494472361809,810.7218090452261,158.47365721412086,149.40679766868055,250.7379851492388,299.7002372269615
87,2.9042857142857144,276.4674623937214,602.1633420536298,401.050409207995,807.9184518569239,158.42727168615298,149.5061135330325,248.14612507958128,297.68138955143127
88,2.9376683087027913,276.4802097844792,601.9750880930918,388.71842434347644,798.2419063498679,158.4364517650626,149.37054177206414,239.2652022052882,290.71279079933527
89,2.9710509031198686,276.47231989533077,602.0587946684111,383.77155708680255,788.1827288097744,158.43076983325813,149.4308233607661,235.70269811056707,283.4686382242357
90,3.0044334975369456,276.4643732636052,602.028272593561,378.4748096074985,781.728275727397,158.4250470380844,149.40884277972546,231.88822652589556,278.82044082129676
91,3.037816091954023,276.4281632653061,601.9858775510204,371.4774883908742,773.4130829800121,158.3989702786896,149.3783118386651,226.84908070028794,272.83222511346884
92,3.0711986863711,276.4784169726642,602.0199918400652,366.3000557724484,763.5420152444692,158.4351606652411,149.40287936556746,223.12053413813774,265.7235404848893
93,3.104581280788177,276.46480364999184,602.045299006029,366.37935975697127,757.1172441463904,158.42535698237543,149.42110441137805,223.17764518537868,261.0967186687848
94,3.1379638752052545,276.39129373474367,602.1012205044752,369.12382770354384,752.2213185049934,158.37241855478354,149.46137647789223,225.15408356348658,257.5709003599559
95,3.1713464696223315,276.39129373474367,602.1012205044752,370.1851973864821,742.4114094328226,158.37241855478354,149.46137647789223,225.91843272534842,250.50625936088682
96,3.204729064039409,276.26032653061225,601.9170612244898,376.17690907021733,731.7279219301239,158.2781020557178,149.3287535157248,230.2333852599849,242.8125077400163
97,3.2381116584564857,276.23612133104405,601.831739023792,392.84216519689625,722.8715870872063,158.26067059493644,149.26730842864544,242.23492888555384,236.4345866224545
98,3.271494252873563,276.2249304760347,601.8090953705218,383.375531847336,720.5145424525306,158.25261146079643,149.25100152099887,235.41749912219535,234.7371525239057
99,3.3048768472906405,276.2389134347897,601.7918507609229,388.7359373172728,716.9172806299457,158.26268133840512,149.23858275390435,239.27781423581646,232.14657159504546
100,3.3382594417077174,276.25681539091283,601.7613589848547,382.27213834457643,716.0770960488275,158.27557349594304,149.2166239926395,234.62288635663822,231.541509672974
101,3.3716420361247947,276.2534796135582,601.7567545439659,372.4738924050633,719.5618407172996,158.2731712239862,149.21330808811467,227.5666446041417,234.05106097207974
102,3.4050246305418717,276.25681539091283,601.7613589848547,377.8682611996963,720.3035940268286,158.27557349594304,149.2166239926395,231.45141852715113,234.58523726292424
103,3.438407224958949,276.296875,601.7828043193717,410.7705637889124,715.3819493452521,158.30442256627404,149.23206792676297,255.14612906172238,231.04089729559962
104,3.471789819376026,276.29319371727746,601.7833769633507,409.4454354143702,714.6749173263854,158.30177147739448,149.2324803183664,254.19183313757586,230.5317256660368
105,3.5051724137931033,276.2899451853064,601.7787777141455,407.7648860807965,713.3412151381709,158.29943203551173,149.22916815265094,252.98157954240202,229.57125527940119
106,3.5385550082101807,276.28845208845206,601.7210483210483,408.24928604635716,712.6514577937172,158.29835677648788,149.18759412435722,253.33042190490215,229.07452406821594
107,3.5719376026272576,276.28677916120574,601.7121559633027,404.42150129525874,710.7680884390626,158.29715201196603,149.18119026121784,250.57382906706079,227.71820891163324
108,3.605320197044335,276.28845208845206,601.7210483210483,396.54454886687546,709.3926283408122,158.29835677648788,149.18759412435722,244.90121368766475,226.72766641718246
109,3.638702791461412,276.30577632117985,601.7038099139697,395.53447913381683,709.2587249027646,158.31083288446257,149.17517982402984,244.17380836763706,226.6312353787918
110,3.672085385878489,276.3108052756615,601.712951585156,392.53479579824324,707.9119351625463,158.31445450396507,149.18176323113255,242.01357571707817,225.66133994491233
111,3.7054679802955666,276.3108052756615,601.712951585156,393.6646698340563,705.6451375978332,158.31445450396507,149.18176323113255,242.82725853293962,224.02889759560537
112,3.7388505747126435,276.331452404318,601.8061007523717,395.5270208900999,704.181834695731,158.32932360729177,149.24884493605964,244.1684372868293,222.97509479272574
113,3.772233169129721,276.2938152741514,601.8891971279373,390.4219329883435,707.0859599602738,158.30221909379364,149.30868708723315,240.49199003035957,225.0665109576853
114,3.8056157635467978,276.30833877284596,601.8872389033943,378.7592397352544,712.6080653663679,158.31267824316726,149.30727686484573,232.09305989663648,229.04327485692906
115,3.838998357963875,276.31604234527686,601.9942182410423,377.14511275955545,716.4650400691155,158.31822599832321,149.3843184163261,230.93064059933886,231.82088894253783
116,3.872380952380952,276.3103504349947,602.0790308155134,375.0494419306184,718.740060331825,158.31412694883696,149.44539649426108,229.42143577901473,233.45925289712787
117,3.9057635467980294,276.4410381184104,602.1214111922142,377.71493474549294,719.7775848597969,158.40824215006253,149.47591687366454,231.34099993441617,234.2064298856122
118,3.9391461412151068,276.4410381184104,602.1214111922142,364.5626238791883,719.3512663205914,158.40824215006253,149.47591687366454,221.86931636477067,233.89941506941193
119,3.9725287356321837,276.3527352653859,601.9129762292413,374.56416229858274,712.9452256149984,158.34465053558148,149.3258116918301,229.07195992156588,229.286082012246
120,4.005911330049261,276.3162999185004,601.8503667481663,374.12238907670934,709.0012579605315,158.31841149059863,149.28072325077738,228.75381536053305,226.445819642252
121,4.039293924466338,276.2594162726235,601.7998532528942,372.4306589242386,707.7949619694119,158.27744653018135,149.24434577703323,227.53550985876134,225.57710128276676
122,4.072676518883415,276.23151020408164,601.6084081632653,370.765539631008,705.8628553329638,158.25734987541185,149.1064759130709,226.33636826216193,224.18568779891024
123,4.106059113300493,276.29114234352016,601.60132374571,370.5183740344855,702.2556760552392,158.30029417326824,149.10137404450649,226.15837107646874,221.58796477936684
124,4.13944170771757,276.29114234352016,601.60132374571,369.5808294082616,699.0885712738888,158.30029417326824,149.10137404450649,225.48319497074237,219.3071629776306
125,4.1728243021346465,276.3272593561039,601.5934793266873,380.0773595611878,693.3826681798121,158.32630396866858,149.09572485817517,233.04230858951087,215.19803651798966
126,4.206206896551724,276.28462734189645,601.530638959339,386.47723765432096,689.2244318181819,158.29560237161735,149.0504701435494,237.65120361933884,212.2034677744802
127,4.239589490968801,276.08990704943653,601.2359957226289,387.26300342986457,687.4648704076942,158.15537385865738,148.83828176597666,238.21707564452595,210.93631335037094
128,4.272972085385878,276.06825657894734,601.2503289473684,387.487675070028,686.1363445378151,158.13978219513209,148.84860388888308,238.37887372733684,209.9795707078426
129,4.306354679802955,276.0642322559421,601.243358828851,388.9841014827459,684.3631556046456,158.1368840645697,148.84358433317828,239.45653054450014,208.70260237468017
130,4.339737274220033,276.13083189335964,601.236073397515,391.4847767475504,684.6213585848622,158.1848460309408,148.8383377038229,241.25740075350265,208.88854817159833
131,4.37311986863711,276.13083189335964,601.236073397515,394.0726809772449,684.1741442660993,158.1848460309408,148.8383377038229,243.12108921261677,208.56648518523843
132,4.406502463054187,276.14512676983867,601.2402864669082,392.0612853628536,683.4628536285362,158.19514053721068,148.84137176076956,241.67257548856122,208.05424669623574
133,4.4398850574712645,276.14512676983867,601.2402864669082,393.60697896455076,683.1920909174905,158.19514053721068,148.84137176076956,242.78571224754774,207.85925596437477
134,4.473267651888341,275.8963150584198,599.9272816406569,394.3327405466118,682.2022026706602,158.0159578960051,147.89580665315563,243.3083720388319,207.1463844136187
135,4.506650246305418,275.6018323333874,596.613426301281,395.4967599913186,679.2863609586705,157.80388511148934,145.50932191376566,244.14664479266585,205.04653060725107
136,4.540032840722496,275.46524107651027,593.2375802910806,395.91660912169937,676.5950807273683,157.70551843078422,143.07819437173146,244.44900064103206,203.108395551955
137,4.573415435139573,275.0802615447487,589.9661626481405,397.05962059620595,672.6174943677148,157.42827404820366,140.72227129075657,245.27214443021487,200.24392255154137
138,4.60679802955665,274.84598983106446,587.0484664589143,397.60466980980783,669.6369030437153,157.25956243821426,138.62108197599426,245.6646635649585,198.09743908119694
139,4.640180623973727,275.16225764048636,584.8837495892211,398.47172864679413,666.7562222869534,157.48732382893562,137.0621534032112,246.2890790782231,196.02290656211562
140,4.673563218390805,275.8965065859445,582.5375930622597,404.31128415300543,664.36,158.01609582523497,135.37256041425832,250.49445579904835,194.29725853757714
141,4.706945812807882,276.3865539320309,580.923822032507,401.1331278026906,660.7084267563528,158.36900516895844,134.21039745270318,248.20569517051408,191.66756504517195
142,4.7403284072249585,277.3404862924282,578.3528883812011,405.5924991433822,656.5370837616422,159.05598295988614,132.35893041613022,251.41712734299924,188.6635575131133
143,4.773711001642036,277.91495076096686,573.7268657931147,408.0521683322637,650.5599462119128,159.46968559536313,129.027483753579,253.18846688020395,184.3591005930504
144,4.807093596059113,278.05601371764516,568.6377071935984,410.41224167849816,645.0554977125729,159.57127258662553,125.36250804091915,254.8880821161817,180.39505237816766
145,4.84047619047619,278.0593954248366,563.9896241830065,386.89233477789816,640.3918382087396,159.57370793511814,122.01517448643622,237.95013729306046,177.0365013565334
146,4.873858784893267,277.7857142857143,559.5929059550928,413.7158193234758,632.0210316656538,159.37661548687103,118.84886217653015,257.26716533730195,171.00823517542057
147,4.907241379310345,277.0305306122449,554.9521632653061,388.40781460522766,628.8930746429534,158.83276727154413,115.50681478024968,239.04151549469805,168.75562577167148
148,4.940623973727422,276.35126712047895,551.1931436069876,386.76095066185314,623.485980746089,158.34359324579157,112.79974336918033,237.85552055339352,164.8616878209142
149,4.974006568144499,275.74469305794605,548.6531431849849,426.33247422680415,615.754295532646,157.90676677170137,110.97055300799357,266.3530943551369,159.29368714435967
150,5.0073891625615765,275.3180996218971,546.7564524083512,428.35697885196373,611.9203625377644,157.59955398755898,109.60464438187034,267.8110485800421,156.53266662683407
151,5.040771756978653,274.83129764734815,545.6012787933437,432.0331984136718,609.6609836869864,157.2489818097207,108.77274198383735,270.458491206284,154.90556689082155
152,5.07415435139573,274.2302016724053,544.9398262010166,433.28239456438706,608.2561411972821,156.8161003999426,108.29639454082678,271.358104268678,153.89386456239183
153,5.107536945812807,272.9506374632233,543.3809251389343,432.5550536867546,605.6979278101351,155.89461767195556,107.17374638214805,270.83430714205656,152.05155806941158
154,5.140919540229885,271.21051772007183,540.614976318798,437.3727307840865,601.2872838075618,154.64146423390468,105.18183847634542,274.3037744828537,148.87521706322715
155,5.174302134646962,269.548880170018,537.984878208272,448.20485223552623,597.1421139961433,153.44483002706943,103.28776394349308,282.1045653719178,145.8900582424461
156,5.207684729064039,267.61815054468013,535.1578343844704,446.8170157068063,590.925959860384,152.0544082026742,101.25185825294484,281.10510994693175,141.41347267565448
157,5.241067323481117,266.4087213599409,532.8777202923544,446.74841168996187,584.8473104616687,151.1834334626312,99.60982595894383,281.055704519569,137.03591163556757
158,5.274449917898194,265.5313378534811,531.4028443856457,446.85796801586275,579.377171429803,150.55158260182895,98.54768881552914,281.13460189832887,133.09657150602902
159,5.3078325123152705,264.5943295145471,529.8298030165664,446.8009123076267,573.241676258686,149.87679270530674,97.41485746434412,281.09351302659013,128.67807278024304
160,5.341215106732348,263.62739273927394,528.3047029702971,451.5032979638658,566.9003919319376,149.18044973863428,96.31655122773266,284.4799528249714,124.11137426021416
161,5.374597701149425,262.78772884710537,527.0795810654791,451.55803910402426,560.2989274867122,148.57576279256668,95.43427531936699,284.5193748522557,119.35730610009855
162,5.407980295566502,261.9108401758315,525.9908766691549,449.472229499607,553.7959566850056,147.94426828908806,94.65024096618852,283.0172716279332,114.67416848857751
163,5.441362889983579,261.11356650328156,525.1791974744538,452.8086787268147,549.0431646439204,147.37010881083634,94.06570729979154,285.42002743621185,111.25142835240722
164,5.474745484400657,259.35214521452144,523.8049504950495,451.28062285410317,542.6728565211083,146.1016149887571,93.07603843720365,284.319592550648,106.66382824214831
165,5.508128078817734,256.3255392721884,522.3080026346122,449.5882245383068,536.717407204242,143.92199392693817,91.99800609760582,283.10080586867474,102.37499018031896
166,5.541510673234811,253.4628242074928,521.4405104981474,443.3767806267806,529.9698759845818,141.86039946506148,91.37327854217673,278.6276123866606,97.51573151174075
167,5.5748932676518885,251.18862473171538,520.6395080072643,445.35044418187385,524.7247385234781,140.22262660310741,90.79643374210592,280.0489532336655,93.73842706571021
168,5.6082758620689654,249.5634802707611,520.1192009245501,441.566547901821,519.0264053840064,139.0522730245164,90.42173274114796,277.32396683474764,89.63475213587138
169,5.641658456486042,248.7590780965014,519.393218371746,440.63331774972727,513.7602072619604,138.47297993033916,89.8989138169952,276.6518978129509,85.84228077976397
170,5.675041050903119,248.74161129568105,519.2932724252491,444.5744379177638,509.99149280939844,138.46040115144424,89.82693738723242,279.49010955543827,83.12822762804991
171,5.708423645320197,248.73289604782465,519.3268847558951,443.64981822446344,506.7806966107658,138.45412483462312,89.8511434270039,278.82424138624526,80.8159612963605
172,5.741806239737274,248.75141102257635,519.3159860557769,444.01556028210007,507.40132094481135,138.46745845971233,89.84329468925056,279.0876318332366,81.2629061235818
173,5.775188834154351,248.76806178375685,519.3602391629297,441.68327164816105,511.39401820546163,138.47944956475072,89.87516372216697,277.40802585689477,84.1382612932316
174,5.808571428571429,248.82354405176704,519.3295171727227,440.5452672970696,519.325656149549,138.51940531790015,89.85303917136915,276.58848796549404,89.85025864176272
175,5.841954022988506,248.8023390842734,519.3380059721301,431.19063573163584,532.3570930005304,138.5041344849457,89.85915241053222,269.8517166863567,99.23489435825365
176,5.8753366174055826,248.81722129783694,519.407071547421,422.160217035217,549.9125204750204,138.51485196411136,89.908890230856,263.34842846093767,111.87749805417359
177,5.9087192118226595,248.81722129783694,519.407071547421,413.9598382688441,569.0033882225384,138.51485196411136,89.908890230856,257.4428964509459,125.62585453787702
178,5.942101806239737,248.76575,519.3084166666666,390.1116807788912,586.6915766850514,138.47778472543473,89.83784356669145,240.2685607954071,138.36406653272851
179,5.975484400656814,248.74453346686695,519.2250041729261,397.9911403771326,605.6925471415743,138.4625055634438,89.77777376188708,245.94298172211668,152.04768316176086
180,6.008866995073891,248.73090726984393,519.2199315583007,398.0321333194603,622.8127145978566,138.4526926090686,89.77412070037636,245.972502935709,164.37683280349296
181,6.042249589490969,248.69685597531483,519.2679509632225,389.5882601494101,635.4561065476794,138.42817044789138,89.80870204606116,239.8916175626425,173.4820166007014
182,6.075632183908046,248.74693059383614,519.1811576046103,384.51819962878943,642.6621640200729,138.4642318629785,89.74619749936383,236.2403953996004,178.67148458522507
183,6.109014778325123,248.74693059383614,519.1811576046103,374.4944065134468,645.7868705324229,138.4642318629785,89.74619749936383,229.02172504416097,180.92175312235443
184,6.1423973727422,248.72777360380667,519.211286417898,368.68041221065084,645.7112968757297,138.45043588829765,89.76789487168801,224.8347563151229,180.86732848400186
185,6.1757799671592775,248.73148534691492,519.2009685230024,364.1028081196381,643.2366352569812,138.4531089133326,89.76046440288681,221.53817840589275,179.08519209496762
186,6.209162561576354,248.6651096838769,519.1186921344566,361.6077712726292,639.0904532977929,138.40530824290957,89.70121276828962,219.74136872357153,176.09930437236102
187,6.242545155993431,248.65446205170977,519.0839866555463,361.4641064735404,631.8747379454927,138.39764031263647,89.67621949389749,219.63790800621945,170.90288123118387
188,6.275927750410509,248.60526096033402,519.0186221294364,364.19599629828065,626.8068124624551,138.36220797123812,89.62914699733884,221.60528820503802,167.25319662307044
189,6.309310344827586,248.61762004175364,518.9807933194154,371.2876270092092,621.5146294219594,138.37110840779317,89.60190444491005,226.71235134926312,163.44201213528285
190,6.342692939244663,248.61762004175364,518.9807933194154,374.63837612647944,615.1351775349057,138.37110840779317,89.60190444491005,229.12540527436167,158.84782711059995
191,6.376075533661741,248.59863036579256,518.9833806580925,377.9482950097402,608.0882990150564,138.35743292493532,89.60376772608447,231.50905516084347,153.77299241636052
192,6.409458128078818,248.37155309697428,518.786941580756,382.8891196168668,601.2979384143375,138.1939024200705,89.46230142406665,235.06720761994592,148.88289001628948
193,6.442840722495895,248.24238600033652,518.5293622749454,387.69544424344497,596.2032936186139,138.10088227483524,89.27680476849584,238.5284994384485,145.2139633998679
194,6.4762233169129715,247.90630294815315,518.2388173500508,392.04001034750365,590.7425771032738,137.85885086638086,89.067567804791,241.65725421039326,141.28140892920467
195,6.509605911330049,247.61009291620493,518.0272781519052,400.8888315264154,584.0205275708631,137.64553415563037,88.91522709692765,248.0297643360286,136.44050098856334
196,6.542988505747126,247.3077780636309,517.8687934139439,400.44924972151233,579.4775899351288,137.42782103653727,88.8010937477507,247.71319793174126,133.16888825071757
197,6.576371100164203,247.02629310344827,517.6771551724138,406.8516675680548,574.9445466017667,137.22510863872625,88.663084784758,252.32392197404332,129.90440093000686
198,6.609753694581281,246.8656458171122,517.5916601782161,408.1671740519412,571.1124516104784,137.1094179226259,88.6015152598235,253.27128865932377,127.14470405732305
199,6.643136288998358,246.64401181992005,517.5092125847384,406.7999566771364,566.7196288674681,136.94980740923256,88.5421403313841,252.28668219155472,123.981197094761
200,6.676518883415435,246.70553531146973,517.5754815200416,408.2215506305499,565.6732333407954,136.9941137710561,88.58986414144836,253.31044814630803,123.22763162492947
201,6.709901477832512,247.55179164184185,518.0828155587709,384.5914906997557,573.6678034975691,137.6035482850037,88.9552225585205,236.29317622570233,128.98494983083407
202,6.7432840722495895,248.21444790177446,518.5261121856867,372.8331174127921,587.858356124946,138.08076255353248,89.27446420512682,227.82534177440303,139.20432690693875
203,6.776666666666666,248.4576469604482,518.7842628982356,369.1803681263196,597.9764986688699,138.25590322284972,89.46037236129781,225.1948013505637,146.49094333980764
204,6.810049261083743,248.50087755954868,518.7958211450062,368.4594826448462,605.4422154766618,138.28703589294614,89.46869607392475,224.67565310050517,151.86740592062685
205,6.843431855500821,248.6274902058848,518.9273151621238,373.94470988525717,611.1938321207515,138.37821644168784,89.56339195924099,228.62585905722997,156.00945315631776
206,6.876814449917898,248.71881536016062,518.8770183217603,371.69595038825804,614.7884570961494,138.4439845771921,89.52717051030177,227.00640688670842,158.5981351502737
207,6.910197044334975,248.71881536016062,518.8770183217603,368.2584015963033,617.5722362248827,138.4439845771921,89.52717051030177,224.5308438663705,160.60288361639272
208,6.943579638752052,248.71842061234733,518.881880542078,363.48010851492074,619.4219130130392,138.44370029814678,89.53067205560156,221.089739065097,161.93493495106893
209,6.97696223316913,248.71842061234733,518.881880542078,360.53235614044473,618.9452023038926,138.44370029814678,89.53067205560156,218.96690468135097,161.5916300339942
210,7.010344827586207,248.72204098703472,518.8863237139273,360.39652868082646,616.3095109088281,138.44630752388764,89.53387182165254,218.8690880519654,159.69352747733654
211,7.0437274220032835,248.7155856081476,518.9688621754738,361.3697626992955,612.962717834631,138.4416586597631,89.59331218905571,219.56996600078045,157.2833225107638
212,7.077110016420361,248.7036665831454,518.9412845569198,364.99902056807053,608.1926984309885,138.43307513140624,89.57345206871616,222.18358899639793,153.84817602801758
213,7.110492610837438,248.4997060552616,518.6523053665911,363.13086216364627,605.4581274025261,138.28619222995638,89.36534267434217,220.83822805986372,151.8788649507777
214,7.143875205254515,248.43304699343102,518.0025265285498,376.39482847367304,598.4219577921094,138.2381874688823,88.89740212710745,230.39032069545325,146.81174231585268
215,7.177257799671592,248.84577030338883,517.1727372602045,375.4150261248545,594.3780798851002,138.53541163226126,88.29982642659769,229.68471254011527,143.89952922122455
216,7.21064039408867,248.5508559919436,513.757385028533,383.2281343700767,587.4087259236671,138.32302803925134,85.84024833829753,235.31135030334858,138.8805241141702
217,7.244022988505747,247.43626916952988,510.64627503561553,393.3581835842642,580.0157843613405,137.5203543646315,83.59977138312077,242.60654136726532,133.55647088587898
218,7.277405582922824,246.76290132795427,509.4139351151454,398.24819725517557,574.9288788090253,137.03542611238652,82.71229739504473,246.12810214946774,129.893117713195
219,7.3107881773399015,245.5766447921925,508.4205788322396,401.34486924665805,569.6235628824194,136.18113923813502,81.9969283257424,248.35818152642722,126.0724755306452
220,7.344170771756978,244.14274899057872,508.00841184387616,405.2426217163379,567.5383323196338,135.1485140635337,81.70010479934342,251.16516186629997,124.57078930521857
221,7.377553366174055,243.3813608728242,508.1783126509536,381.90705388996685,577.4552168742567,134.60019769553065,81.82245947140244,234.35996948481173,131.7124690794349
222,7.410935960591133,243.32430856381205,508.235838053982,373.0017527302144,586.5955912093839,134.5591112717551,81.86388659552075,227.94678509957433,138.294942250156
223,7.44431855500821,243.32105657861845,508.2223148070994,378.42221393498664,587.7102160896678,134.55676934302184,81.85414778105628,231.85034956478742,139.0976433322868
224,7.477701149425287,243.3446695007085,508.2662332249729,378.9691236068895,586.3418186423505,134.5737742730653,81.88577578629473,232.24420851521063,138.11218703108992
225,7.511083743842364,243.33639016256774,508.26002501042103,369.4381679389313,587.7345419847328,134.5678118781803,81.8813049184476,225.3804568048936,139.11516171236053
226,7.544466338259442,243.34153051017006,508.2625875291764,368.50547854785475,591.134706270627,134.57151371783587,81.88315032546686,224.70877721407166,141.56380214735114
227,7.577848932676519,243.34153051017006,508.2625875291764,375.59846186410783,589.8835579388037,134.57151371783587,81.88315032546686,229.8168144418444,140.662783214771
228,7.6112315270935955,243.34153051017006,508.2625875291764,372.61351507943766,586.413899307779,134.57151371783587,81.88315032546686,227.66719437096705,138.1640961793277
229,7.644614121510673,243.36553851283762,508.24458152717574,373.8660273717531,583.2052881482172,134.58880316656604,81.87018323891922,228.56919556455932,135.8534034113166
230,7.67799671592775,243.2360902255639,508.0889724310777,340.7794979708402,583.0665363996192,134.49558052089162,81.75812079348425,204.74181343461797,135.7534808447947
231,7.711379310344827,243.10164151881943,506.6445033991046,340.7091629519564,579.4733531451213,134.39875680530457,80.71788126933701,204.69116141996406,133.16583711128592
232,7.744761904761904,242.35526099127284,502.7309402272353,336.7388598022106,574.9043630017452,133.86124820690472,77.89951479590378,201.83193344913636,129.87546256716237
233,7.778144499178982,240.6250719276613,496.84430743937526,382.9915559558658,558.8955565563311,132.6152463831359,73.66023520282826,235.1409775147495,118.34666352036285
234,7.811527093596059,238.73531837677334,491.68541735400856,440.9176548089591,541.1703722002635,131.25433362487067,69.94504211198064,276.85666416006234,105.5818088008458
235,7.844909688013136,236.95103220478944,487.09388934764655,440.38370473537606,534.6077065923863,129.9693735756049,66.638436845461,276.4721381105812,100.85568176179773
236,7.8782922824302135,234.8951965065502,482.3720029661366,421.46078276025986,532.3464321554957,128.4888561666992,63.237953530239096,262.8447283737438,99.22721691268683
237,7.91167487684729,232.73895847066578,477.8014996704021,428.47970695970696,522.1577045177045,126.93603365631783,59.94648928404899,267.89943166446443,91.88976837277295
238,7.945057471264367,230.60391640612144,473.8011354286655,433.85927067282995,513.1171032357473,125.39847550027886,57.065612710630504,271.7735436552316,85.3791471220688
239,7.978440065681444,228.63176567656765,470.31237623762377,432.22287741502464,504.7635552998706,123.97822411998074,54.55317033878106,270.5950892154767,79.36330978847931
240,8.011822660098522,226.87760158572846,467.2355467459531,429.91639308382577,495.3012475377544,122.7149565948624,52.3373806088166,268.93406629976766,72.54899511234312
241,8.045205254515599,225.27948570015658,464.43583614934477,429.5133656072406,486.7328281765242,121.5640677412131,50.32115903929796,268.643824625366,66.37841735558429
242,8.078587848932676,223.75421626984127,461.79050925925924,432.95615275813293,478.2427374605592,120.46563952207693,48.41611744654214,271.1231600685721,60.26424825202205
243,8.111970443349753,222.56273701566366,459.702473206925,434.3853010800414,469.2818094392661,119.6075914885348,46.91241083781304,272.1523663287348,53.81100398408867
244,8.14535303776683,221.80474059340295,457.93576993204044,444.35271935415335,459.4210218823029,119.06171766213595,45.64011317459148,279.33043814123727,46.70972266277092
245,8.178735632183908,221.28017562753706,457.21663491011515,447.48578456610034,451.0622390023454,118.68395033144331,45.12222552421842,281.5867262256873,40.690115365534595
246,8.212118226600985,220.8751665556296,456.7076115922718,451.73434324773694,445.1187265225691,118.3922816041042,44.755650566768544,284.64634091002597,36.409873659500654
247,8.245500821018062,220.8246197323581,456.51924195827445,452.66275844679774,439.0124180534543,118.35588012908242,44.61999550314593,285.3149424262266,32.012393841237206
248,8.27888341543514,220.85748752079866,456.4980865224626,453.1555813353957,434.5138566640887,118.37954998412977,44.604760340608735,285.669850586787,28.77273881545327
249,8.312266009852216,220.89234868037633,456.51835817167597,455.0727818420559,432.34927780904144,118.40465537250958,44.61935904107558,287.0505293681236,27.213909634409625
250,8.345648604269293,221.09311573191948,456.38812028829426,460.8370510662177,432.88818742985404,118.54923848058523,44.52556776494841,291.2016884044707,27.60200731951314
251,8.37903119868637,221.06771653543308,456.362370493162,461.34018997295084,434.8800402591683,118.53094715866561,44.507023958163806,291.56402568227657,29.036447237208662
252,8.412413793103449,221.1143948198572,456.39722729536777,459.5243340910415,437.11913504691955,118.5645626916418,44.532126208566694,290.2563305938349,30.64893933290235
253,8.445796387520526,221.1222932050112,456.35244337509334,434.3561910416254,434.25407348769704,118.57025074187497,44.49987490868796,272.13140263076724,28.58565503462485
254,8.479178981937602,219.99124343257444,457.4595113001418,397.300466910272,430.52017864393014,117.75572121509147,45.2971338225589,245.44559076211337,25.896677348346365
255,8.51256157635468,216.19722497522298,459.0781151455086,373.2950780133949,445.76130312981206,115.02344529409778,46.46277715351169,228.1580243482132,36.87262749454378
256,8.545944170771756,209.79051842466475,457.8707633829585,361.1614850647946,471.39545356222834,110.40963272630584,45.59329847646598,219.4199741196061,55.33315233619526
257,8.579326765188833,209.48429619440623,446.7616918844567,345.35693645752866,496.24650244614196,110.1891056952401,37.59306102344561,208.03827208330344,73.22972380526343
258,8.61270935960591,215.78189178515007,449.50385071090045,326.41748131109836,524.6770995919932,114.72434161624749,39.567836480458766,194.3989559241892,93.70411971932766
259,8.646091954022989,219.45865237366004,456.24315126765356,314.5180322419811,551.4340110427861,117.37217386487005,44.42116780779503,185.82952524531572,112.97320491196973
260,8.679474548440066,219.87100293747378,456.91086865295847,297.1233370526135,574.8087574743226,117.66912959378416,44.90202686380791,173.30267347767528,129.80661190567326
261,8.712857142857143,219.83792843375514,456.98198273694794,297.1204740691397,594.8148826623367,117.6453108719922,44.95323992497567,173.3006116899176,144.2140942988282
262,8.74623973727422,219.87936667504397,457.00896372622935,298.33696929478936,608.3309830920879,117.67515276921924,44.97267038061707,174.17667506451875,153.9477622198118
263,8.779622331691296,219.93093067982272,457.0197340914792,300.70177906613236,615.678205018899,117.7122867711306,44.980426697557355,175.87970125392786,159.2388902895568
264,8.813004926108373,219.85471729675476,456.9771662763466,308.4398590597548,618.5328860572126,117.65740143154808,44.94977133369882,181.45230715423145,161.2946990186863
265,8.846387520525452,219.8786334781156,457.0483628466422,316.4697793412216,618.2320470454464,117.6746247548368,45.00104379767405,187.2350828784873,161.07804873161356
266,8.879770114942529,219.85970922459893,457.04654077540107,314.75036041750764,617.1396497702939,117.66099638618557,44.999731626572505,185.9968372093705,160.29135493857865
267,8.913152709359606,219.85970922459893,457.04654077540107,322.32127349209577,609.814505733089,117.66099638618557,44.999731626572505,191.44905725683802,155.01612633976026
268,8.946535303776683,219.85970922459893,457.04654077540107,327.9476952149558,603.523565274122,117.66099638618557,44.999731626572505,195.500944923578,150.4856831356332
269,8.97991789819376,219.85970922459893,457.04654077540107,339.2787354120381,594.9671339921857,117.66099638618557,44.999731626572505,203.66103392639005,144.32373863692567
270,9.013300492610837,219.88312991138605,457.0253302123391,346.85151641046946,586.1818861653511,117.67786287729015,44.98445676394957,209.114599165874,137.99701108748224
271,9.046683087027914,219.8734949832776,457.0114548494983,357.10635095816195,580.1537741212668,117.67092424945606,44.974464371922195,216.4996548326812,133.65584470354182
272,9.080065681444992,219.84010025062656,457.07928153717626,363.68150067598015,572.2494366831907,117.64687491365655,45.023310002913824,221.23477234801985,127.96350791176441
273,9.11344827586207,219.84522814641485,457.0627611566104,369.2819622400511,563.6784017882089,117.65056778609383,45.01141279193999,225.2679647138376,121.7910465690478
274,9.146830870279146,219.71734941777666,456.88950322526597,372.54985716229083,556.2711195755679,117.55847546366762,44.88664047486907,227.62135089493867,116.45666587029595
275,9.180213464696223,219.43899571752456,455.9247627844487,378.139424382297,549.3938365462938,117.35801805386123,44.19187920628686,231.64669766003053,111.5039659733477
276,9.2135960591133,219.0045608108108,454.5961148648649,378.06127299028725,542.8389818833092,117.04515820665802,43.23504866922842,231.5904166563979,106.78346401411679
277,9.246978653530377,217.94408490810252,452.99758391578223,382.4199094091003,534.1906869809897,116.2814527038159,42.08386090611176,234.72930421568574,100.5553636016176
278,9.280361247947454,217.50201013808774,452.4986016430694,382.360827927093,528.8164281055847,115.96309098181379,41.724517043117544,234.68675647574202,96.68507190864935
279,9.313743842364532,217.2819092827004,452.3123241912799,382.691847495437,525.3568241735957,115.80458456595815,41.59036867197238,234.9251413982538,94.19362580057022
280,9.34712643678161,216.6518088432336,451.7191603394372,383.7287638533674,520.1715260017049,115.35081548762727,41.163199608929645,235.67188041091416,90.45941483204481
281,9.380509031198686,217.02070979732719,452.06761660323923,374.068040376442,521.4926381299332,115.61648082516628,41.4141416298523,228.71467595023577,91.41081844208699
282,9.413891625615763,218.93866014174822,454.30973675329057,364.3128959975274,534.92953175707,116.99769960484015,43.028812450994415,221.6894739402983,101.0874453017276
283,9.44727422003284,219.3598025269852,454.7638691322902,296.66139147763903,557.5257018932067,117.3009867953026,43.355857503102705,172.97000172462495,117.36015780000623
284,9.480656814449917,219.37460264346663,454.77873515141374,341.4462256558828,552.6584580717849,117.31164515196184,43.36656331978463,205.2219597544578,113.8549948061078
285,9.514039408866994,219.35265053178125,454.85411607068085,345.1604769419603,557.9574609854462,117.29583626045348,43.42084915759251,207.8967910626201,117.67109064987426
286,9.547422003284073,219.352891939399,454.8446471917636,355.85711662075295,563.9168962350781,117.29601011101023,43.41403011067558,215.6000142700035,121.96279919539799
287,9.58080459770115,219.37201907790143,454.8485482386411,351.3894896097539,568.784140969163,117.30978458800743,43.416839463494995,212.3826367471079,125.46796284655406
288,9.614187192118226,219.41978609625667,454.8248663101604,349.25840228111997,571.3157107465058,117.34418417660638,43.399784838253225,210.84792660823683,127.2910818489265
289,9.647569786535303,219.40605148779673,454.8403543965229,349.34266314966777,571.5052266510355,117.33429314934828,43.41093863887549,210.90860737318386,127.4275624033604
290,9.68095238095238,219.36776513884243,454.85521913683505,349.0673124689518,568.3912071535023,117.30672109862515,43.421643534616834,210.71031259860473,125.18499015805969
291,9.714334975369457,219.38397189225364,454.81479002844236,349.75195618153367,564.2276473656755,117.31839244988521,43.39252836804337,211.203361209563,122.18658773019219
292,9.747717569786534,219.3878524219861,454.81126077135445,352.73515310014164,559.8334423014057,117.32118702720948,43.389986760966686,213.35172110815589,119.02208528404596
293,9.781100164203613,219.3878524219861,454.81126077135445,374.3533442982456,553.2126507675438,117.32118702720948,43.389986760966686,228.92013858687596,114.25409865213112
294,9.81448275862069,219.49629506285905,454.115977021064,385.8215394165115,545.2730446927375,117.3992823817252,42.88927568891172,237.17900019525337,108.53636302584951
295,9.847865353037767,218.78247909248987,452.016808810135,387.96593673965936,541.4099756690997,116.88522526529727,41.377552216474896,238.7232955741352,105.75436009332022
296,9.881247947454844,217.57244224422442,449.11336633663365,384.75728770595686,537.680608365019,116.01381291419902,39.286627765918595,236.41257553092672,103.0686429308913
297,9.91463054187192,216.2122088220717,445.9360647612754,394.0863544813696,532.5798925814031,115.03423596483616,36.998482706617324,243.13093623536994,99.39534427089085
298,9.948013136288997,214.7637529808404,442.5543129676836,395.43726708074536,528.6005797101449,113.99112532578522,34.56310209361462,244.10380076097326,96.52962791698857
299,9.981395730706074,213.07835303709743,438.4529147982063,396.29179402774514,524.0713222039344,112.77737854640142,31.609465576861023,244.71919138897712,93.26786697320085
300,10.014778325123153,210.0384397964952,432.1750787369781,410.2831478226908,517.4238429994142,110.588174186282,27.088459551494008,254.79511471559164,88.48066112009704
301,10.04816091954023,206.99630284520174,425.2343674650378,412.958473248265,510.32471457353927,108.39736841297886,22.090081579413624,256.72175986065014,83.36819846971751
302,10.081543513957307,204.61351917499195,419.05881405091844,413.17453643811984,503.97595946528673,106.68139825620847,17.64273476708746,256.8773585372748,78.79611983974864
303,10.114926108374384,202.63095621377977,414.2695589182228,413.81956631366614,498.2535552193646,105.25364847015302,14.193735605471751,257.3418791022346,74.67511001676542
304,10.14830870279146,199.9164212369657,408.8393695773303,411.75161637931035,489.7104885057471,103.29876642695342,10.283165388342518,255.85263758299192,68.52279005958881
305,10.181691297208538,196.09994465090534,402.0643630900609,414.31820278623485,482.5020758372544,100.55031720448751,5.404120307822682,257.7009739360219,63.33162597219597
306,10.215073891625615,192.0030942557918,396.2304030466519,415.79361723547765,473.7708647941206,97.59995578365871,1.2027731794870924,258.76349891276294,57.043813205222214
307,10.248456486042693,188.251482330619,392.27583208158745,418.29951219512196,465.539837398374,94.89821907802917,-1.6451252024435654,260.568128103617,51.11620947549833
308,10.28183908045977,185.0801107156979,389.456860419138,419.1058640948897,455.376787495843,92.6143445008821,-3.6752176972098907,261.1488252995713,43.797252848195264
309,10.315221674876847,182.60692319823372,387.66306576249804,422.115883006294,446.02344810563983,90.83326969114412,-4.96702531560666,263.3165011519199,37.061412133657974
310,10.348604269293924,180.5661938534279,386.54342001576043,424.53553592009223,436.83839159943653,89.36363117653065,-5.773342192617773,265.059022825931,30.446760938106117
311,10.381986863711,179.4349750968456,386.24982212032575,426.4329784329784,429.70420420420413,88.54897995521216,-5.984777763943541,266.42547281759704,25.309050445928495
312,10.415369458128078,179.4336451561757,386.24686855874427,,,88.54802219369634,-5.986904781848424,,
313,10.448752052545155,179.39200189678337,385.90721568007586,,,88.518032651951,-6.231507013575496,,
314,10.482134646962233,179.06562178421595,385.99746695163464,,,88.28298885006036,-6.166512238539205,,
315,10.51551724137931,179.10556697770045,385.9917760556698,,,88.31175552358712,-6.1706105575612185,,
316,10.548899835796387,179.17111497157296,385.9609128237524,,,88.35896014510926,-6.19283682408045,,
317,10.582282430213464,179.30660563491438,385.8537605555994,,,88.45653422945509,-6.270002912080603,,
318,10.615665024630541,179.40469624143094,385.8289338901584,,,88.5271745295152,-6.287881923726327,,
319,10.649047619047618,179.38658575031525,385.84355296343,,,88.51413219475877,-6.277353945980239,,
320,10.682430213464697,179.42162502955316,385.85972101820477,,,88.53936585664705,-6.2657104636811995,,
321,10.715812807881774,179.53906126949127,385.9098283194204,,,88.62393798359948,-6.229625512035228,,
322,10.74919540229885,179.70388770601687,386.05606813342797,,,88.7426383296111,-6.124310388507227,,
323,10.782577996715927,179.44429551367972,386.2668926910037,,,88.55569208663054,-5.972484331598574,,
324,10.815960591133004,179.42402464065708,386.23985152424575,320.5944507791714,245.28107183580389,88.54109394514022,-5.991958124264282,190.2054797225205,-107.50392595592368
325,10.849343185550081,179.3686249703487,386.2087451569542,323.2248637939574,215.2931319134885,88.50119767502026,-6.014359485590193,192.09978103479864,-129.09984782372217
326,10.882725779967158,179.32318278889505,386.16491339080915,300.16336896368733,168.58759760442726,88.46847232600605,-6.045925088277413,175.49196329875795,-162.73500490170764
327,10.916108374384237,179.32758620689654,386.1652957924707,295.85604056437387,133.02766754850086,88.47164346318179,-6.045649700357245,172.39002539266986,-188.34361533315314
328,10.949490968801314,179.31751305173233,386.16271159626643,247.025641025641,43.85456073980664,88.46438924457084,-6.0475107184686365,137.22463904256813,-252.56194618009323
329,10.98287356321839,179.3586397785686,386.1842625543693,300.5865345153082,92.78993269309693,88.49400680355406,-6.031990719143197,175.7967074797061,-217.32096357133122
330,11.016256157635468,179.60295969773298,386.24307304785896,327.636803185438,79.98836746302617,88.66995466455049,-5.989638132546735,195.27705491992387,-226.5400564203337
331,11.049638752052545,179.58034309096632,386.25204595530374,,,88.65366723453987,-5.983176261254257,,
332,11.083021346469621,179.63346425765909,386.27533385703066,,,88.6919226321562,-5.96640539578426,,
333,11.116403940886698,179.7740697218958,386.1499412455934,,,88.79318015860544,-6.0567073320430636,,
334,11.149786535303777,179.9477710984464,386.18354282145367,,,88.91827182432283,-6.032509037368851,,
335,11.183169129720854,180.02323949153865,386.12711533962414,,,88.97262065671781,-6.0731454896207895,,
336,11.216551724137931,180.07087719298246,386.1267056530214,,,89.00692711728186,-6.073440526888624,,
337,11.249934318555008,180.06891986605405,386.1253017677751,,,89.00551754131482,-6.074451539854806,,
338,11.283316912972085,180.102889633149,386.17306643819614,,,89.02998099021961,-6.040053642129056,,
339,11.316699507389162,180.11092057058227,386.25824304310544,,,89.03576449844937,-5.978713406375929,,
340,11.350082101806239,180.12469818521691,386.18615156943684,,,89.04568649675753,-6.030630338206342,,
341,11.383464696223317,180.18348123929627,386.267631947688,,,89.08801932276482,-5.971951953261282,,
342,11.416847290640394,180.07448963690197,386.46041764064205,,,89.00952863165196,-5.833116649033981,,
343,11.450229885057471,180.0746396571874,386.46536813400854,,,89.00963666929545,-5.829551533583343,,
344,11.483612479474548,180.04909218421258,386.43442686823033,,,88.99123856553398,-5.851833996465689,,
345,11.516995073891625,180.04585084851317,386.41444807722246,,,88.9889043060719,-5.866221794051546,,
346,11.550377668308702,179.99470652343143,386.3344231667445,,,88.95207253799087,-5.923852018689735,,
347,11.583760262725779,179.96484527242964,386.3614467222699,,,88.93056785160094,-5.9043909088159685,,
348,11.617142857142857,180.02714085166122,386.34635782249256,,,88.97543023512178,-5.915257233795477,,
349,11.650525451559934,179.96670824886948,386.2965070949634,,,88.93190948072721,-5.951157412986251,,
350,11.683908045977011,179.95144571740317,386.32507209102954,,,88.92091811426772,-5.9305862292104745,,
351,11.717290640394088,179.9434874113337,386.3222386779952,,,88.9151869117736,-5.9326267217107125,,
352,11.750673234811165,179.94383860414393,386.317572830659,,,88.91543982452819,-5.935986848307616,,
353,11.784055829228242,180.20874766935984,386.45517402113114,,,89.10621503247161,-5.836892860322764,,
354,11.817438423645319,180.2194761793736,386.4380197404212,,,89.11394120721437,-5.849246576745744,,
355,11.850821018062398,180.2751980121137,386.42056219909927,,,89.15406948375829,-5.861818687379872,,
356,11.884203612479475,180.3113061034322,386.3852306258736,,,89.18007285447766,-5.887262845825725,,
357,11.917586206896551,180.40173656872625,386.39553453756105,,,89.24519667652139,-5.879842447081713,,
358,11.950968801313628,180.4133064516129,386.42928039702235,,,89.25352876893876,-5.855540246057702,,
359,11.984351395730705,180.43718515074013,386.4012245214291,,,89.2707250992633,-5.875744784909439,,
360,12.017733990147782,180.43054156659178,386.37615247540094,,,89.26594069844879,-5.893800508259998,,
361,12.05111658456486,180.4343653250774,386.31702786377707,,,89.2686943917572,-5.936379308150914,,
362,12.084499178981938,180.4141078196303,386.2917472348983,,,89.25410587697405,-5.954585243185093,,
363,12.117881773399015,180.4374516178975,386.24578108066265,,,89.27091699653685,-5.987687933066693,,
364,12.151264367816092,180.31979852770243,386.12103835722587,,,89.18618870409864,-6.077521850164561,,
365,12.184646962233169,180.31856213201115,386.1313139138519,,,89.18529830933275,-6.070121871419149,,
366,12.218029556650245,180.29879182156134,386.13452602230484,,,89.1710606497642,-6.067808660062839,,
367,12.251412151067322,180.2784927895798,386.16669251046676,,,89.1564422294992,-6.044643848911895,,
368,12.2847947454844,180.3732027667677,386.09194062329993,,,89.22464795729344,-6.098476687009719,,
369,12.318177339901478,180.3721237562189,386.0877643034826,,,89.22387090399913,-6.101484278618356,,
370,12.351559934318555,180.3916051301982,386.0755538282161,,,89.23790048493814,-6.11027769592235,,
371,12.384942528735632,180.33548587878317,386.0770248191084,,,89.19748600591831,-6.109218356585914,,
372,12.418325123152709,180.33294428882664,386.068082788671,,,89.19565567084815,-6.115657991691397,,
373,12.451707717569786,180.2528251889954,386.03398020419297,,,89.13795761541134,-6.140217089508236,,
374,12.485090311986863,180.23528494581743,386.0323536290637,,,89.1253259467407,-6.141388473387703,,
375,12.51847290640394,180.21648600171568,386.0465569679482,,,89.11178782011146,-6.131159888242937,,
376,12.551855500821018,180.16749882977064,386.10087377125916,,,89.07650953355393,-6.092043448652543,,
377,12.585238095238095,180.10683860883157,386.0815943728019,,,89.0328248591389,-6.10592757619916,,
378,12.618620689655172,180.10476935105552,386.0369038311181,,,89.03133467577281,-6.1381116291528794,,
379,12.652003284072249,180.04217857422333,386.05282103450975,,,88.98625970464727,-6.12664879837188,,
380,12.685385878489326,180.0194357366771,385.99208463949844,,,88.96988136909061,-6.170388329816646,,
381,12.718768472906403,180.00125450838954,385.9688725105849,,,88.95678809270764,-6.187104627224895,,
382,12.752151067323481,179.94361551751217,385.93662635464113,,,88.91527916789484,-6.21032681141302,,
383,12.785533661740558,179.83858576356224,385.99082784571965,,,88.83964161606657,-6.171293414337993,,
384,12.818916256157635,179.85353614552298,386.0141916261565,,,88.85040818694655,-6.154467904544464,,
385,12.852298850574712,179.8308102596282,386.01576594242687,,,88.83404205918214,-6.153334155068572,,
386,12.88568144499179,179.85650365020803,386.11735615040425,,,88.85254524602718,-6.0801736045373795,,
387,12.919064039408866,179.88271750215736,386.08605946497215,,,88.87142324498338,-6.102712024150848,,
388,12.952446633825943,179.87294985482225,386.04261162991446,,,88.86438903892495,-6.134001137496465,,
389,12.985829228243022,179.83065590470966,385.94796646030875,,,88.83393089993714,-6.202160193879278,,
390,13.019211822660099,179.81915810927333,385.96347103550994,,,88.82565072155415,-6.1909945187610225,,
391,13.052594417077175,179.81915810927333,385.96347103550994,,,88.82565072155415,-6.1909945187610225,,
392,13.085977011494252,179.8007053291536,385.9344827586207,,,88.81236188615094,-6.211870529730914,,
393,13.11935960591133,179.78024130366657,385.9396740833594,,,88.79762464522463,-6.208131978708778,,
394,13.152742200328406,179.7894530637831,385.939899702241,,,88.80425852712038,-6.207969498466678,,
395,13.186124794745483,179.7894530637831,385.939899702241,,,88.80425852712038,-6.207969498466678,,
396,13.219507389162562,179.7993732863298,385.949392871132,,,88.81140261076149,-6.201132959038552,,
397,13.252889983579639,179.7993732863298,385.949392871132,,,88.81140261076149,-6.201132959038552,,
398,13.286272577996716,179.79749412685982,385.9740798747063,,,88.81004932736838,-6.183354525384133,,
399,13.319655172413793,179.81739198497183,385.98833750782717,,,88.82437884084068,-6.173086840051456,,
400,13.35303776683087,179.79718309859155,386.00328638497655,,,88.8098253392519,-6.162321352866753,,
401,13.386420361247946,179.79718309859155,386.00328638497655,,,88.8098253392519,-6.162321352866753,,
402,13.419802955665023,179.7941176470588,385.9715294117647,,,88.80761774339963,-6.185191250366115,,
403,13.453185550082102,179.83154262410793,386.00619559250254,,,88.83456947407372,-6.16022627669309,,
404,13.486568144499179,179.81898714330512,385.9524145500157,,,88.82552759980251,-6.198956886215558,,
405,13.519950738916256,179.86774851050487,385.7682659140796,,,88.86064327226754,-6.331572183032861,,
